Year Month Day Hour Minutes in YYYY,MM,DD,HH24,MI format in Local time,Wind speed in m/s,Wind direction in degrees true,Speed of maximum windgust in last 10 minutes in  m/s
2016,5,25,23,30,0,0,0
2016,5,26,0,0,4,20,9
2016,5,26,0,30,0,0,0
2016,5,26,1,0,4,190,8
2016,5,26,1,30,0,0,0
2016,5,26,2,0,0,0,0
2016,5,26,2,30,0,0,0
2016,5,26,3,0,9,210,11
2016,5,26,3,30,9,120,13
2016,5,26,4,0,5,360,9
2016,5,26,4,30,11,270,15
2016,5,26,5,0,5,190,9
2016,5,26,5,30,0,0,9
2016,5,26,6,0,9,360,13
2016,5,26,6,30,8,110,11
2016,5,26,7,0,0,0,4
2016,5,26,7,30,17,20,18
2016,5,26,8,0,11,350,15
2016,5,26,8,30,26,30,33
2016,5,26,9,0,22,30,28
2016,5,26,9,30,21,20,26
2016,5,26,10,0,17,40,21
2016,5,26,10,30,17,40,22
2016,5,26,11,0,28,360,41
2016,5,26,11,30,30,340,39
2016,5,26,12,0,26,340,37
2016,5,26,12,30,24,350,37
2016,5,26,13,0,30,330,37
2016,5,26,13,30,22,340,31
2016,5,26,14,0,31,310,39
2016,5,26,14,30,28,300,42
2016,5,26,15,0,21,320,33
2016,5,26,15,30,24,320,31
2016,5,26,16,0,24,310,35
2016,5,26,16,30,15,310,21
2016,5,26,17,0,9,330,15
2016,5,26,17,30,13,310,22
2016,5,26,18,0,18,330,26
2016,5,26,18,30,11,330,17
2016,5,26,19,0,9,310,13
2016,5,26,19,30,5,100,8
2016,5,26,20,0,2,300,8
2016,5,26,20,30,5,340,9
2016,5,26,21,0,4,300,11
2016,5,26,21,30,9,290,17
2016,5,26,22,0,13,280,18
2016,5,26,22,30,13,260,21
2016,5,26,23,0,15,260,22
2016,5,26,23,30,13,270,15
2016,5,27,0,0,13,250,17
2016,5,27,0,30,21,230,28
2016,5,27,1,0,18,250,35
2016,5,27,1,30,15,250,24
2016,5,27,2,0,31,270,39
2016,5,27,2,30,8,160,15
2016,5,27,3,0,9,250,13
2016,5,27,3,30,15,290,22
2016,5,27,4,0,17,280,21
2016,5,27,4,30,17,280,22
2016,5,27,5,0,21,270,33
2016,5,27,5,30,24,290,33
2016,5,27,6,0,30,270,39
2016,5,27,6,30,30,280,42
2016,5,27,7,0,17,280,24
2016,5,27,7,30,13,290,18
2016,5,27,8,0,9,320,15
2016,5,27,8,30,22,270,37
2016,5,27,9,0,22,280,31
2016,5,27,9,30,22,280,37
2016,5,27,10,0,26,270,33
2016,5,27,10,30,21,250,31
2016,5,27,11,0,17,260,26
2016,5,27,11,30,30,270,42
2016,5,27,12,0,26,260,44
2016,5,27,12,30,28,260,39
2016,5,27,13,0,30,260,41
2016,5,27,13,30,30,260,39
2016,5,27,14,0,28,260,39
2016,5,27,14,30,30,250,46
2016,5,27,15,0,30,260,41
2016,5,27,15,30,37,260,55
2016,5,27,16,0,33,250,52
2016,5,27,16,30,22,260,37
2016,5,27,17,0,26,250,48
2016,5,27,17,30,18,250,28
2016,5,27,18,0,30,250,41
2016,5,27,18,30,28,250,50
2016,5,27,19,0,26,250,39
2016,5,27,19,30,18,260,31
2016,5,27,20,0,21,270,33
2016,5,27,20,30,13,300,17
2016,5,27,21,0,18,280,28
2016,5,27,21,30,21,270,33
2016,5,27,22,0,17,270,24
2016,5,27,22,30,13,270,26
2016,5,27,23,0,9,270,13
2016,5,27,23,30,8,300,9
2016,5,28,0,0,11,60,13
2016,5,28,0,30,11,40,13
2016,5,28,1,0,9,360,13
2016,5,28,1,30,9,350,11
2016,5,28,2,0,4,10,9
2016,5,28,2,30,9,350,13
2016,5,28,3,0,11,10,13
2016,5,28,3,30,5,10,8
2016,5,28,4,0,5,10,8
2016,5,28,4,30,8,70,9
2016,5,28,5,0,8,110,9
2016,5,28,5,30,5,350,11
2016,5,28,6,0,2,250,9
2016,5,28,6,30,0,0,0
2016,5,28,7,0,5,40,9
2016,5,28,7,30,4,330,8
2016,5,28,8,0,9,30,11
2016,5,28,8,30,11,340,15
2016,5,28,9,0,11,10,17
2016,5,28,9,30,11,30,15
2016,5,28,10,0,11,50,15
2016,5,28,10,30,4,130,9
2016,5,28,11,0,13,230,21
2016,5,28,11,30,9,230,11
2016,5,28,12,0,11,250,13
2016,5,28,12,30,13,260,18
2016,5,28,13,0,11,200,15
2016,5,28,13,30,9,250,17
2016,5,28,14,0,26,240,39
2016,5,28,14,30,24,270,33
2016,5,28,15,0,22,280,30
2016,5,28,15,30,21,290,28
2016,5,28,16,0,24,270,35
2016,5,28,16,30,26,270,35
2016,5,28,17,0,13,270,21
2016,5,28,17,30,22,260,30
2016,5,28,18,0,22,250,31
2016,5,28,18,30,15,260,18
2016,5,28,19,0,21,250,30
2016,5,28,19,30,13,260,18
2016,5,28,20,0,11,270,18
2016,5,28,20,30,8,250,13
2016,5,28,21,0,0,0,5
2016,5,28,21,30,0,0,0
2016,5,28,22,0,5,30,8
2016,5,28,22,30,2,20,9
2016,5,28,23,0,0,0,0
2016,5,28,23,30,4,70,9
2016,5,29,0,0,4,10,9
2016,5,29,0,30,5,320,9
2016,5,29,1,0,0,0,8
2016,5,29,1,30,4,140,8
2016,5,29,2,0,2,100,8
2016,5,29,2,30,2,60,8
2016,5,29,3,0,2,110,5
2016,5,29,3,30,2,60,8
2016,5,29,4,0,2,330,8
2016,5,29,4,30,0,0,0
2016,5,29,5,0,2,230,9
2016,5,29,5,30,2,100,8
2016,5,29,6,0,2,120,8
2016,5,29,6,30,0,0,0
2016,5,29,7,0,0,0,0
2016,5,29,7,30,2,190,9
2016,5,29,8,0,0,0,5
2016,5,29,8,30,2,50,5
2016,5,29,9,0,5,110,8
2016,5,29,9,30,0,0,5
2016,5,29,10,0,4,330,9
2016,5,29,10,30,11,250,15
2016,5,29,11,0,13,190,21
2016,5,29,11,30,8,320,17
2016,5,29,12,0,8,240,17
2016,5,29,12,30,9,310,15
2016,5,29,13,0,8,230,13
2016,5,29,13,30,5,30,11
2016,5,29,14,0,4,260,11
2016,5,29,14,30,5,170,11
2016,5,29,15,0,13,60,17
2016,5,29,15,30,13,70,17
2016,5,29,16,0,11,70,13
2016,5,29,16,30,9,50,11
2016,5,29,17,0,2,50,5
2016,5,29,17,30,5,260,9
2016,5,29,18,0,8,210,13
2016,5,29,18,30,9,260,13
2016,5,29,19,0,5,240,9
2016,5,29,19,30,5,250,8
2016,5,29,20,0,9,110,11
2016,5,29,20,30,0,0,0
2016,5,29,21,0,8,180,9
2016,5,29,21,30,0,0,0
2016,5,29,22,0,0,0,0
2016,5,29,22,30,4,20,8
2016,5,29,23,0,2,360,5
2016,5,29,23,30,0,0,0
2016,5,30,0,0,4,320,8
2016,5,30,0,30,2,80,8
2016,5,30,1,0,0,0,0
2016,5,30,1,30,0,0,0
2016,5,30,2,0,0,0,0
2016,5,30,2,30,0,0,0
2016,5,30,3,0,0,0,0
2016,5,30,3,30,0,0,0
2016,5,30,4,0,0,0,0
2016,5,30,4,30,0,0,0
2016,5,30,5,0,0,0,0
2016,5,30,5,30,0,0,0
2016,5,30,6,0,0,0,0
2016,5,30,6,30,0,0,4
2016,5,30,7,0,0,0,0
2016,5,30,7,30,0,0,0
2016,5,30,8,0,0,0,0
2016,5,30,8,30,0,0,0
2016,5,30,9,0,8,340,9
2016,5,30,9,30,4,330,8
2016,5,30,10,0,2,360,8
2016,5,30,10,30,5,20,11
2016,5,30,11,0,8,60,13
2016,5,30,11,30,4,310,9
2016,5,30,12,0,5,120,11
2016,5,30,12,30,5,90,11
2016,5,30,13,0,9,90,13
2016,5,30,13,30,8,100,11
2016,5,30,14,0,9,80,11
2016,5,30,14,30,8,100,11
2016,5,30,15,0,8,90,11
2016,5,30,15,30,5,110,9
2016,5,30,16,0,0,0,5
2016,5,30,16,30,8,20,9
2016,5,30,17,0,8,340,9
2016,5,30,17,30,8,340,8
2016,5,30,18,0,8,290,9
2016,5,30,18,30,5,270,9
2016,5,30,19,0,5,250,8
2016,5,30,19,30,11,160,17
2016,5,30,20,0,5,340,11
2016,5,30,20,30,8,270,9
2016,5,30,21,0,0,0,0
2016,5,30,21,30,0,0,0
2016,5,30,22,0,0,0,0
2016,5,30,22,30,0,0,0
2016,5,30,23,0,4,340,8
2016,5,30,23,30,5,10,8
2016,5,31,0,0,0,0,0
2016,5,31,0,30,2,90,8
2016,5,31,1,0,0,0,0
2016,5,31,1,30,8,110,8
2016,5,31,2,0,4,10,8
2016,5,31,2,30,0,0,0
2016,5,31,3,0,0,0,0
2016,5,31,3,30,0,0,0
2016,5,31,4,0,0,0,0
2016,5,31,4,30,0,0,0
2016,5,31,5,0,0,0,0
2016,5,31,5,30,0,0,0
2016,5,31,6,0,5,40,8
2016,5,31,6,30,5,90,8
2016,5,31,7,0,5,100,8
2016,5,31,7,30,0,0,0
2016,5,31,8,0,0,0,0
2016,5,31,8,30,5,360,8
2016,5,31,9,0,2,110,8
2016,5,31,9,30,4,50,8
2016,5,31,10,0,5,360,9
2016,5,31,10,30,   ,   ,   
2016,5,31,11,0,8,150,9
2016,5,31,11,30,9,170,15
2016,5,31,12,0,9,130,15
2016,5,31,12,30,11,130,17
2016,5,31,13,0,13,50,17
2016,5,31,13,30,11,140,13
2016,5,31,14,0,13,130,22
2016,5,31,14,30,24,150,30
2016,5,31,15,0,18,140,22
2016,5,31,15,30,17,130,21
2016,5,31,16,0,11,130,15
2016,5,31,16,30,11,160,13
2016,5,31,17,0,9,180,11
2016,5,31,17,30,8,180,9
2016,5,31,18,0,8,180,9
2016,5,31,18,30,9,160,11
2016,5,31,19,0,9,160,13
2016,5,31,19,30,13,180,17
2016,5,31,20,0,11,160,13
2016,5,31,20,30,11,160,15
2016,5,31,21,0,8,180,9
2016,5,31,21,30,11,110,13
2016,5,31,22,0,2,350,8
2016,5,31,22,30,9,250,11
2016,5,31,23,0,4,270,5
2016,5,31,23,30,5,250,8
2016,6,1,0,0,8,170,9
2016,6,1,0,30,2,250,5
2016,6,1,1,0,9,270,11
2016,6,1,1,30,4,240,9
2016,6,1,2,0,0,0,5
2016,6,1,2,30,0,0,0
2016,6,1,3,0,0,0,0
2016,6,1,3,30,8,20,9
2016,6,1,4,0,5,20,9
2016,6,1,4,30,4,30,5
2016,6,1,5,0,0,0,0
2016,6,1,5,30,0,0,0
2016,6,1,6,0,8,200,9
2016,6,1,6,30,5,190,8
2016,6,1,7,0,0,0,0
2016,6,1,7,30,4,340,8
2016,6,1,8,0,0,0,0
2016,6,1,8,30,0,0,0
2016,6,1,9,0,0,0,0
2016,6,1,9,30,4,210,9
2016,6,1,10,0,8,180,9
2016,6,1,10,30,9,190,11
2016,6,1,11,0,4,180,8
2016,6,1,11,30,9,180,11
2016,6,1,12,0,11,220,15
2016,6,1,12,30,11,210,15
2016,6,1,13,0,9,190,17
2016,6,1,13,30,9,230,13
2016,6,1,14,0,11,140,15
2016,6,1,14,30,9,120,13
2016,6,1,15,0,9,150,13
2016,6,1,15,30,11,130,18
2016,6,1,16,0,8,80,11
2016,6,1,16,30,11,100,17
2016,6,1,17,0,8,150,9
2016,6,1,17,30,5,200,9
2016,6,1,18,0,11,220,13
2016,6,1,18,30,9,240,11
2016,6,1,19,0,8,240,9
2016,6,1,19,30,8,240,9
2016,6,1,20,0,5,220,8
2016,6,1,20,30,8,220,9
2016,6,1,21,0,0,0,0
2016,6,1,21,30,0,0,0
2016,6,1,22,0,2,300,5
2016,6,1,22,30,2,300,5
2016,6,1,23,0,0,0,0
2016,6,1,23,30,0,0,0
2016,6,2,0,0,0,0,0
2016,6,2,0,30,0,0,0
2016,6,2,1,0,0,0,5
2016,6,2,1,30,5,320,9
2016,6,2,2,0,2,90,5
2016,6,2,2,30,0,0,0
2016,6,2,3,0,8,120,9
2016,6,2,3,30,5,180,8
2016,6,2,4,0,5,300,9
2016,6,2,4,30,4,250,9
2016,6,2,5,0,4,280,8
2016,6,2,5,30,8,120,9
2016,6,2,6,0,0,0,0
2016,6,2,6,30,0,0,0
2016,6,2,7,0,2,30,5
2016,6,2,7,30,0,0,0
2016,6,2,8,0,2,30,8
2016,6,2,8,30,2,150,8
2016,6,2,9,0,9,20,11
2016,6,2,9,30,5,60,9
2016,6,2,10,0,8,90,11
2016,6,2,10,30,2,110,8
2016,6,2,11,0,2,360,9
2016,6,2,11,30,5,310,9
2016,6,2,12,0,5,360,9
2016,6,2,12,30,8,140,13
2016,6,2,13,0,8,180,11
2016,6,2,13,30,8,20,13
2016,6,2,14,0,9,80,17
2016,6,2,14,30,9,150,13
2016,6,2,15,0,5,140,9
2016,6,2,15,30,5,220,8
2016,6,2,16,0,0,0,0
2016,6,2,16,30,4,130,9
2016,6,2,17,0,11,140,15
2016,6,2,17,30,13,130,17
2016,6,2,18,0,9,150,11
2016,6,2,18,30,5,240,8
2016,6,2,19,0,8,260,9
2016,6,2,19,30,8,250,9
2016,6,2,20,0,9,230,9
2016,6,2,20,30,8,220,9
2016,6,2,21,0,9,220,9
2016,6,2,21,30,9,210,13
2016,6,2,22,0,5,210,8
2016,6,2,22,30,8,220,9
2016,6,2,23,0,5,220,8
2016,6,2,23,30,8,220,9
2016,6,3,0,0,2,230,5
2016,6,3,0,30,2,270,5
2016,6,3,1,0,0,0,0
2016,6,3,1,30,0,0,0
2016,6,3,2,0,0,0,0
2016,6,3,2,30,0,0,0
2016,6,3,3,0,0,0,0
2016,6,3,3,30,0,0,0
2016,6,3,4,0,0,0,0
2016,6,3,4,30,0,0,0
2016,6,3,5,0,0,0,0
2016,6,3,5,30,0,0,5
2016,6,3,6,0,0,0,8
2016,6,3,6,30,5,190,8
2016,6,3,7,0,5,200,5
2016,6,3,7,30,0,0,9
2016,6,3,8,0,0,0,4
2016,6,3,8,30,5,360,8
2016,6,3,9,0,9,40,9
2016,6,3,9,30,4,80,9
2016,6,3,10,0,8,130,9
2016,6,3,10,30,5,160,15
2016,6,3,11,0,5,190,9
2016,6,3,11,30,8,200,11
2016,6,3,12,0,5,260,9
2016,6,3,12,30,9,180,13
2016,6,3,13,0,8,210,11
2016,6,3,13,30,8,200,13
2016,6,3,14,0,9,170,11
2016,6,3,14,30,9,210,13
2016,6,3,15,0,9,240,11
2016,6,3,15,30,9,250,11
2016,6,3,16,0,11,260,13
2016,6,3,16,30,8,230,11
2016,6,3,17,0,8,250,11
2016,6,3,17,30,8,210,8
2016,6,3,18,0,8,220,9
2016,6,3,18,30,8,210,11
2016,6,3,19,0,8,210,17
2016,6,3,19,30,2,210,8
2016,6,3,20,0,8,220,9
2016,6,3,20,30,9,250,11
2016,6,3,21,0,9,230,11
2016,6,3,21,30,11,240,13
2016,6,3,22,0,9,270,11
2016,6,3,22,30,11,220,13
2016,6,3,23,0,9,230,13
2016,6,3,23,30,9,230,11
2016,6,4,0,0,8,200,9
2016,6,4,0,30,5,250,8
2016,6,4,1,0,8,200,9
2016,6,4,1,30,5,230,9
2016,6,4,2,0,9,220,11
2016,6,4,2,30,8,200,11
2016,6,4,3,0,5,230,9
2016,6,4,3,30,5,230,8
2016,6,4,4,0,0,0,0
2016,6,4,4,30,2,150,8
2016,6,4,5,0,11,130,30
2016,6,4,5,30,8,150,9
2016,6,4,6,0,0,0,4
2016,6,4,6,30,0,0,0
2016,6,4,7,0,0,0,0
2016,6,4,7,30,0,0,0
2016,6,4,8,0,8,210,11
2016,6,4,8,30,9,190,13
2016,6,4,9,0,8,110,9
2016,6,4,9,30,8,180,11
2016,6,4,10,0,11,180,13
2016,6,4,10,30,9,140,15
2016,6,4,11,0,9,150,11
2016,6,4,11,30,11,220,15
2016,6,4,12,0,11,190,17
2016,6,4,12,30,8,210,9
2016,6,4,13,0,8,230,9
2016,6,4,13,30,8,220,13
2016,6,4,14,0,8,10,11
2016,6,4,14,30,28,40,44
2016,6,4,15,0,22,30,39
2016,6,4,15,30,18,30,28
2016,6,4,16,0,18,50,30
2016,6,4,16,30,17,40,22
2016,6,4,17,0,13,30,17
2016,6,4,17,30,8,40,11
2016,6,4,18,0,5,20,13
2016,6,4,18,30,0,0,0
2016,6,4,19,0,0,0,0
2016,6,4,19,30,5,20,9
2016,6,4,20,0,5,350,8
2016,6,4,20,30,0,0,5
2016,6,4,21,0,5,260,9
2016,6,4,21,30,9,190,11
2016,6,4,22,0,9,250,13
2016,6,4,22,30,4,190,11
2016,6,4,23,0,4,200,11
2016,6,4,23,30,9,200,11
2016,6,5,0,0,11,200,15
2016,6,5,0,30,15,210,18
2016,6,5,1,0,17,190,21
2016,6,5,1,30,15,200,21
2016,6,5,2,0,15,230,18
2016,6,5,2,30,17,220,21
2016,6,5,3,0,15,210,18
2016,6,5,3,30,15,210,18
2016,6,5,4,0,13,210,17
2016,6,5,4,30,13,210,17
2016,6,5,5,0,17,230,21
2016,6,5,5,30,15,220,21
2016,6,5,6,0,13,210,21
2016,6,5,6,30,13,210,18
2016,6,5,7,0,17,200,21
2016,6,5,7,30,17,220,24
2016,6,5,8,0,17,230,22
2016,6,5,8,30,17,220,21
2016,6,5,9,0,17,220,24
2016,6,5,9,30,15,310,18
2016,6,5,10,0,9,250,11
2016,6,5,10,30,5,230,5
2016,6,5,11,0,9,220,11
2016,6,5,11,30,11,230,13
2016,6,5,12,0,9,220,13
2016,6,5,12,30,11,220,15
2016,6,5,13,0,11,210,15
2016,6,5,13,30,9,190,11
2016,6,5,14,0,8,180,9
2016,6,5,14,30,9,220,13
2016,6,5,15,0,9,200,13
2016,6,5,15,30,8,190,9
2016,6,5,16,0,9,180,13
2016,6,5,16,30,5,160,9
2016,6,5,17,0,9,190,15
2016,6,5,17,30,13,230,18
2016,6,5,18,0,30,230,44
2016,6,5,18,30,22,230,31
2016,6,5,19,0,18,220,24
2016,6,5,19,30,11,190,13
2016,6,5,20,0,9,220,13
2016,6,5,20,30,11,210,15
2016,6,5,21,0,15,230,22
2016,6,5,21,30,5,240,9
2016,6,5,22,0,5,270,11
2016,6,5,22,30,11,50,13
2016,6,5,23,0,11,50,13
2016,6,5,23,30,11,10,17
2016,6,6,0,0,11,350,13
2016,6,6,0,30,15,330,21
2016,6,6,1,0,13,340,18
2016,6,6,1,30,9,340,15
2016,6,6,2,0,11,330,15
2016,6,6,2,30,15,330,22
2016,6,6,3,0,13,330,17
2016,6,6,3,30,13,320,17
2016,6,6,4,0,11,330,13
2016,6,6,4,30,13,330,18
2016,6,6,5,0,13,310,18
2016,6,6,5,30,24,300,33
2016,6,6,6,0,18,310,24
2016,6,6,6,30,17,310,21
2016,6,6,7,0,9,290,17
2016,6,6,7,30,5,340,8
2016,6,6,8,0,2,320,5
2016,6,6,8,30,5,350,9
2016,6,6,9,0,9,340,13
2016,6,6,9,30,11,330,17
2016,6,6,10,0,9,340,15
2016,6,6,10,30,9,310,15
2016,6,6,11,0,22,250,31
2016,6,6,11,30,21,250,28
2016,6,6,12,0,17,240,30
2016,6,6,12,30,28,230,39
2016,6,6,13,0,26,240,39
2016,6,6,13,30,31,260,41
2016,6,6,14,0,33,250,41
2016,6,6,14,30,30,260,42
2016,6,6,15,0,18,230,22
2016,6,6,15,30,33,260,44
2016,6,6,16,0,24,260,33
2016,6,6,16,30,26,270,41
2016,6,6,17,0,17,260,22
2016,6,6,17,30,18,280,31
2016,6,6,18,0,22,270,35
2016,6,6,18,30,21,280,31
2016,6,6,19,0,11,300,17
2016,6,6,19,30,15,290,24
2016,6,6,20,0,13,320,21
2016,6,6,20,30,13,330,17
2016,6,6,21,0,13,330,18
2016,6,6,21,30,13,320,17
2016,6,6,22,0,11,330,15
2016,6,6,22,30,13,330,17
2016,6,6,23,0,11,310,15
2016,6,6,23,30,9,300,11
2016,6,7,0,0,5,290,8
2016,6,7,0,30,11,280,15
2016,6,7,1,0,13,290,18
2016,6,7,1,30,21,290,30
2016,6,7,2,0,11,310,17
2016,6,7,2,30,13,310,17
2016,6,7,3,0,13,320,22
2016,6,7,3,30,13,300,17
2016,6,7,4,0,11,310,15
2016,6,7,4,30,9,310,17
2016,6,7,5,0,9,10,11
2016,6,7,5,30,11,10,15
2016,6,7,6,0,17,10,21
2016,6,7,6,30,17,360,22
2016,6,7,7,0,13,360,17
2016,6,7,7,30,18,360,26
2016,6,7,8,0,21,360,24
2016,6,7,8,30,17,10,24
2016,6,7,9,0,17,20,21
2016,6,7,9,30,17,360,21
2016,6,7,10,0,17,350,21
2016,6,7,10,30,13,310,21
2016,6,7,11,0,22,280,33
2016,6,7,11,30,30,270,35
2016,6,7,12,0,31,270,39
2016,6,7,12,30,28,280,35
2016,6,7,13,0,26,280,37
2016,6,7,13,30,21,290,28
2016,6,7,14,0,17,270,28
2016,6,7,14,30,28,280,41
2016,6,7,15,0,21,290,37
2016,6,7,15,30,15,260,21
2016,6,7,16,0,18,260,24
2016,6,7,16,30,26,290,33
2016,6,7,17,0,21,290,28
2016,6,7,17,30,17,280,26
2016,6,7,18,0,9,300,17
2016,6,7,18,30,15,320,22
2016,6,7,19,0,9,340,13
2016,6,7,19,30,11,340,15
2016,6,7,20,0,9,330,50
2016,6,7,20,30,13,330,15
2016,6,7,21,0,13,340,17
2016,6,7,21,30,15,340,18
2016,6,7,22,0,13,340,17
2016,6,7,22,30,11,360,13
2016,6,7,23,0,9,360,11
2016,6,7,23,30,8,10,11
2016,6,8,0,0,8,20,9
2016,6,8,0,30,11,330,13
2016,6,8,1,0,8,310,11
2016,6,8,1,30,8,320,9
2016,6,8,2,0,13,290,21
2016,6,8,2,30,9,320,13
2016,6,8,3,0,4,320,8
2016,6,8,3,30,13,330,17
2016,6,8,4,0,8,340,9
2016,6,8,4,30,4,230,11
2016,6,8,5,0,0,0,5
2016,6,8,5,30,8,20,11
2016,6,8,6,0,5,20,9
2016,6,8,6,30,8,10,9
2016,6,8,7,0,11,30,15
2016,6,8,7,30,11,10,13
2016,6,8,8,0,11,330,13
2016,6,8,8,30,5,330,8
2016,6,8,9,0,8,80,13
2016,6,8,9,30,8,20,11
2016,6,8,10,0,13,330,15
2016,6,8,10,30,9,350,13
2016,6,8,11,0,8,330,13
2016,6,8,11,30,8,320,15
2016,6,8,12,0,26,280,35
2016,6,8,12,30,31,270,42
2016,6,8,13,0,26,270,39
2016,6,8,13,30,26,280,35
2016,6,8,14,0,22,270,30
2016,6,8,14,30,21,290,28
2016,6,8,15,0,11,250,15
2016,6,8,15,30,9,330,11
2016,6,8,16,0,9,310,11
2016,6,8,16,30,8,350,9
2016,6,8,17,0,5,350,8
2016,6,8,17,30,9,360,11
2016,6,8,18,0,0,0,5
2016,6,8,18,30,8,30,9
2016,6,8,19,0,8,50,9
2016,6,8,19,30,11,40,17
2016,6,8,20,0,5,350,9
2016,6,8,20,30,11,40,15
2016,6,8,21,0,11,360,17
2016,6,8,21,30,11,10,15
2016,6,8,22,0,17,40,21
2016,6,8,22,30,11,30,15
2016,6,8,23,0,15,30,18
2016,6,8,23,30,13,30,17
2016,6,9,0,0,8,10,11
2016,6,9,0,30,8,360,11
2016,6,9,1,0,11,30,15
2016,6,9,1,30,21,30,30
2016,6,9,2,0,21,30,26
2016,6,9,2,30,13,350,17
2016,6,9,3,0,17,10,24
2016,6,9,3,30,13,40,24
2016,6,9,4,0,17,350,24
2016,6,9,4,30,13,360,17
2016,6,9,5,0,13,30,17
2016,6,9,5,30,17,60,21
2016,6,9,6,0,18,20,24
2016,6,9,6,30,21,10,28
2016,6,9,7,0,24,10,33
2016,6,9,7,30,21,360,28
2016,6,9,8,0,21,20,26
2016,6,9,8,30,22,10,28
2016,6,9,9,0,22,10,31
2016,6,9,9,30,18,360,26
2016,6,9,10,0,17,360,21
2016,6,9,10,30,21,330,28
2016,6,9,11,0,26,330,42
2016,6,9,11,30,26,340,31
2016,6,9,12,0,28,330,41
2016,6,9,12,30,35,290,55
2016,6,9,13,0,37,290,54
2016,6,9,13,30,30,300,37
2016,6,9,14,0,24,310,33
2016,6,9,14,30,22,300,33
2016,6,9,15,0,24,300,35
2016,6,9,15,30,18,300,24
2016,6,9,16,0,15,300,21
2016,6,9,16,30,21,300,28
2016,6,9,17,0,17,320,30
2016,6,9,17,30,17,330,24
2016,6,9,18,0,17,40,22
2016,6,9,18,30,18,40,22
2016,6,9,19,0,18,50,24
2016,6,9,19,30,21,20,26
2016,6,9,20,0,22,340,31
2016,6,9,20,30,17,350,30
2016,6,9,21,0,22,310,28
2016,6,9,21,30,18,310,28
2016,6,9,22,0,9,290,15
2016,6,9,22,30,13,280,22
2016,6,9,23,0,5,20,9
2016,6,9,23,30,21,300,26
2016,6,10,0,0,21,290,28
2016,6,10,0,30,22,290,30
2016,6,10,1,0,18,300,26
2016,6,10,1,30,13,310,17
2016,6,10,2,0,13,310,18
2016,6,10,2,30,11,320,13
2016,6,10,3,0,11,320,15
2016,6,10,3,30,11,320,17
2016,6,10,4,0,11,340,15
2016,6,10,4,30,9,70,13
2016,6,10,5,0,9,40,11
2016,6,10,5,30,13,20,17
2016,6,10,6,0,11,350,15
2016,6,10,6,30,5,150,9
2016,6,10,7,0,0,0,0
2016,6,10,7,30,5,290,9
2016,6,10,8,0,2,70,11
2016,6,10,8,30,4,180,8
2016,6,10,9,0,2,240,8
2016,6,10,9,30,5,250,8
2016,6,10,10,0,5,10,8
2016,6,10,10,30,4,90,8
2016,6,10,11,0,5,30,13
2016,6,10,11,30,18,270,26
2016,6,10,12,0,21,280,24
2016,6,10,12,30,21,270,28
2016,6,10,13,0,21,300,30
2016,6,10,13,30,22,300,31
2016,6,10,14,0,24,300,30
2016,6,10,14,30,28,310,35
2016,6,10,15,0,26,300,37
2016,6,10,15,30,28,290,41
2016,6,10,16,0,18,300,31
2016,6,10,16,30,17,290,24
2016,6,10,17,0,13,290,21
2016,6,10,17,30,15,300,17
2016,6,10,18,0,13,290,18
2016,6,10,18,30,11,310,13
2016,6,10,19,0,11,340,13
2016,6,10,19,30,13,310,15
2016,6,10,20,0,15,290,18
2016,6,10,20,30,11,320,15
2016,6,10,21,0,11,310,13
2016,6,10,21,30,11,310,13
2016,6,10,22,0,13,340,15
2016,6,10,22,30,11,310,15
2016,6,10,23,0,13,310,15
2016,6,10,23,30,17,290,22
2016,6,11,0,0,13,280,17
2016,6,11,0,30,8,310,9
2016,6,11,1,0,13,270,18
2016,6,11,1,30,13,240,17
2016,6,11,2,0,17,250,22
2016,6,11,2,30,17,260,21
2016,6,11,3,0,13,320,17
2016,6,11,3,30,15,300,18
2016,6,11,4,0,13,360,17
2016,6,11,4,30,11,340,21
2016,6,11,5,0,11,20,15
2016,6,11,5,30,9,360,11
2016,6,11,6,0,8,10,9
2016,6,11,6,30,5,360,8
2016,6,11,7,0,0,0,2
2016,6,11,7,30,2,340,8
2016,6,11,8,0,5,330,9
2016,6,11,8,30,8,350,9
2016,6,11,9,0,8,360,11
2016,6,11,9,30,9,20,13
2016,6,11,10,0,11,340,21
2016,6,11,10,30,22,290,35
2016,6,11,11,0,17,270,24
2016,6,11,11,30,22,280,31
2016,6,11,12,0,28,270,37
2016,6,11,12,30,33,270,41
2016,6,11,13,0,17,270,24
2016,6,11,13,30,22,310,28
2016,6,11,14,0,21,280,30
2016,6,11,14,30,21,280,33
2016,6,11,15,0,22,280,31
2016,6,11,15,30,15,270,21
2016,6,11,16,0,26,260,33
2016,6,11,16,30,17,260,21
2016,6,11,17,0,13,250,17
2016,6,11,17,30,13,240,17
2016,6,11,18,0,13,200,17
2016,6,11,18,30,18,230,28
2016,6,11,19,0,18,230,31
2016,6,11,19,30,18,240,26
2016,6,11,20,0,21,230,28
2016,6,11,20,30,15,220,21
2016,6,11,21,0,11,210,15
2016,6,11,21,30,8,170,11
2016,6,11,22,0,9,90,11
2016,6,11,22,30,9,100,13
2016,6,11,23,0,9,130,11
2016,6,11,23,30,0,0,4
2016,6,12,0,0,0,0,0
2016,6,12,0,30,8,290,9
2016,6,12,1,0,2,240,5
2016,6,12,1,30,0,0,0
2016,6,12,2,0,0,0,0
2016,6,12,2,30,0,0,0
2016,6,12,3,0,5,260,8
2016,6,12,3,30,2,340,5
2016,6,12,4,0,0,0,0
2016,6,12,4,30,0,0,0
2016,6,12,5,0,0,0,0
2016,6,12,5,30,8,260,8
2016,6,12,6,0,0,0,0
2016,6,12,6,30,0,0,5
2016,6,12,7,0,0,0,0
2016,6,12,7,30,8,50,9
2016,6,12,8,0,0,0,4
2016,6,12,8,30,0,0,0
2016,6,12,9,0,2,50,5
2016,6,12,9,30,0,0,0
2016,6,12,10,0,0,0,5
2016,6,12,10,30,17,200,21
2016,6,12,11,0,15,230,21
2016,6,12,11,30,13,200,18
2016,6,12,12,0,11,220,15
2016,6,12,12,30,9,250,13
2016,6,12,13,0,8,220,11
2016,6,12,13,30,5,350,13
2016,6,12,14,0,11,320,15
2016,6,12,14,30,8,320,11
2016,6,12,15,0,5,90,8
2016,6,12,15,30,5,50,8
2016,6,12,16,0,9,170,11
2016,6,12,16,30,5,160,8
2016,6,12,17,0,5,160,8
2016,6,12,17,30,5,170,8
2016,6,12,18,0,4,300,8
2016,6,12,18,30,5,300,8
2016,6,12,19,0,2,280,5
2016,6,12,19,30,0,0,0
2016,6,12,20,0,0,0,0
2016,6,12,20,30,0,0,0
2016,6,12,21,0,0,0,2
2016,6,12,21,30,0,0,0
2016,6,12,22,0,5,340,8
2016,6,12,22,30,5,320,8
2016,6,12,23,0,4,190,11
2016,6,12,23,30,0,0,0
2016,6,13,0,0,0,0,0
2016,6,13,0,30,9,200,13
2016,6,13,1,0,4,340,8
2016,6,13,1,30,0,0,0
2016,6,13,2,0,0,0,0
2016,6,13,2,30,0,0,0
2016,6,13,3,0,0,0,0
2016,6,13,3,30,0,0,5
2016,6,13,4,0,0,0,5
2016,6,13,4,30,5,210,9
2016,6,13,5,0,0,0,4
2016,6,13,5,30,0,0,0
2016,6,13,6,0,0,0,0
2016,6,13,6,30,8,10,9
2016,6,13,7,0,8,10,9
2016,6,13,7,30,0,0,0
2016,6,13,8,0,0,0,4
2016,6,13,8,30,5,190,9
2016,6,13,9,0,5,130,9
2016,6,13,9,30,4,120,9
2016,6,13,10,0,5,30,11
2016,6,13,10,30,5,120,8
2016,6,13,11,0,4,30,8
2016,6,13,11,30,8,140,9
2016,6,13,12,0,8,80,11
2016,6,13,12,30,5,140,9
2016,6,13,13,0,5,350,11
2016,6,13,13,30,9,40,13
2016,6,13,14,0,13,80,17
2016,6,13,14,30,13,60,18
2016,6,13,15,0,13,80,17
2016,6,13,15,30,13,60,15
2016,6,13,16,0,13,70,17
2016,6,13,16,30,9,50,13
2016,6,13,17,0,5,30,8
2016,6,13,17,30,0,0,0
2016,6,13,18,0,0,0,5
2016,6,13,18,30,15,50,17
2016,6,13,19,0,9,40,13
2016,6,13,19,30,5,30,8
2016,6,13,20,0,0,0,0
2016,6,13,20,30,0,0,0
2016,6,13,21,0,0,0,0
2016,6,13,21,30,0,0,0
2016,6,13,22,0,0,0,0
2016,6,13,22,30,5,280,9
2016,6,13,23,0,0,0,5
2016,6,13,23,30,0,0,0
2016,6,14,0,0,0,0,0
2016,6,14,0,30,0,0,0
2016,6,14,1,0,0,0,0
2016,6,14,1,30,0,0,8
2016,6,14,2,0,0,0,0
2016,6,14,2,30,0,0,0
2016,6,14,3,0,0,0,0
2016,6,14,3,30,0,0,0
2016,6,14,4,0,0,0,0
2016,6,14,4,30,0,0,0
2016,6,14,5,0,0,0,0
2016,6,14,5,30,0,0,0
2016,6,14,6,0,4,280,8
2016,6,14,6,30,0,0,0
2016,6,14,7,0,0,0,0
2016,6,14,7,30,0,0,0
2016,6,14,8,0,4,90,8
2016,6,14,8,30,2,90,5
2016,6,14,9,0,4,130,5
2016,6,14,9,30,2,90,5
2016,6,14,10,0,5,20,9
2016,6,14,10,30,2,110,8
2016,6,14,11,0,8,120,9
2016,6,14,11,30,8,60,9
2016,6,14,12,0,5,50,9
2016,6,14,12,30,9,30,17
2016,6,14,13,0,8,350,13
2016,6,14,13,30,8,350,11
2016,6,14,14,0,8,10,13
2016,6,14,14,30,4,360,9
2016,6,14,15,0,5,110,8
2016,6,14,15,30,5,160,8
2016,6,14,16,0,5,70,9
2016,6,14,16,30,5,90,8
2016,6,14,17,0,4,110,5
2016,6,14,17,30,0,0,0
2016,6,14,18,0,11,220,13
2016,6,14,18,30,2,260,9
2016,6,14,19,0,0,0,0
2016,6,14,19,30,0,0,5
2016,6,14,20,0,9,220,11
2016,6,14,20,30,4,230,8
2016,6,14,21,0,0,0,0
2016,6,14,21,30,0,0,0
2016,6,14,22,0,0,0,0
2016,6,14,22,30,5,220,9
2016,6,14,23,0,5,230,8
2016,6,14,23,30,8,250,8
2016,6,15,0,0,5,330,8
2016,6,15,0,30,0,0,0
2016,6,15,1,0,0,0,0
2016,6,15,1,30,0,0,0
2016,6,15,2,0,0,0,0
2016,6,15,2,30,0,0,0
2016,6,15,3,0,0,0,0
2016,6,15,3,30,0,0,0
2016,6,15,4,0,0,0,0
2016,6,15,4,30,0,0,0
2016,6,15,5,0,0,0,0
2016,6,15,5,30,0,0,0
2016,6,15,6,0,0,0,0
2016,6,15,6,30,0,0,0
2016,6,15,7,0,2,90,11
2016,6,15,7,30,0,0,0
2016,6,15,8,0,0,0,0
2016,6,15,8,30,0,0,0
2016,6,15,9,0,2,20,8
2016,6,15,9,30,4,50,9
2016,6,15,10,0,5,10,8
2016,6,15,10,30,5,120,9
2016,6,15,11,0,5,110,8
2016,6,15,11,30,4,140,8
2016,6,15,12,0,5,150,9
2016,6,15,12,30,2,150,9
2016,6,15,13,0,2,250,8
2016,6,15,13,30,5,20,8
2016,6,15,14,0,5,40,11
2016,6,15,14,30,5,340,15
2016,6,15,15,0,8,330,11
2016,6,15,15,30,9,20,15
2016,6,15,16,0,8,340,9
2016,6,15,16,30,5,340,5
2016,6,15,17,0,0,0,0
2016,6,15,17,30,0,0,0
2016,6,15,18,0,0,0,5
2016,6,15,18,30,0,0,0
2016,6,15,19,0,0,0,0
2016,6,15,19,30,0,0,0
2016,6,15,20,0,0,0,0
2016,6,15,20,30,0,0,0
2016,6,15,21,0,0,0,0
2016,6,15,21,30,0,0,0
2016,6,15,22,0,0,0,0
2016,6,15,22,30,0,0,0
2016,6,15,23,0,0,0,0
2016,6,15,23,30,0,0,0
2016,6,16,0,0,0,0,0
2016,6,16,0,30,0,0,0
2016,6,16,1,0,0,0,0
2016,6,16,1,30,5,120,5
2016,6,16,2,0,0,0,0
2016,6,16,2,30,0,0,0
2016,6,16,3,0,0,0,0
2016,6,16,3,30,0,0,0
2016,6,16,4,0,0,0,0
2016,6,16,4,30,0,0,0
2016,6,16,5,0,0,0,0
2016,6,16,5,30,0,0,0
2016,6,16,6,0,0,0,0
2016,6,16,6,30,0,0,0
2016,6,16,7,0,0,0,0
2016,6,16,7,30,0,0,0
2016,6,16,8,0,0,0,0
2016,6,16,8,30,0,0,0
2016,6,16,9,0,0,0,0
2016,6,16,9,30,0,0,0
2016,6,16,10,0,5,230,9
2016,6,16,10,30,5,210,9
2016,6,16,11,0,5,230,9
2016,6,16,11,30,4,240,9
2016,6,16,12,0,8,90,11
2016,6,16,12,30,9,90,13
2016,6,16,13,0,9,90,17
2016,6,16,13,30,9,60,15
2016,6,16,14,0,8,10,11
2016,6,16,14,30,13,350,21
2016,6,16,15,0,15,10,18
2016,6,16,15,30,15,20,18
2016,6,16,16,0,15,360,21
2016,6,16,16,30,11,350,15
2016,6,16,17,0,9,290,13
2016,6,16,17,30,13,290,17
2016,6,16,18,0,13,290,17
2016,6,16,18,30,13,260,15
2016,6,16,19,0,13,270,15
2016,6,16,19,30,8,320,9
2016,6,16,20,0,9,300,13
2016,6,16,20,30,0,0,0
2016,6,16,21,0,0,0,0
2016,6,16,21,30,4,340,8
2016,6,16,22,0,2,30,5
2016,6,16,22,30,0,0,0
2016,6,16,23,0,0,0,0
2016,6,16,23,30,0,0,0
2016,6,17,0,0,8,30,9
2016,6,17,0,30,8,40,9
2016,6,17,1,0,0,0,0
2016,6,17,1,30,0,0,0
2016,6,17,2,0,0,0,0
2016,6,17,2,30,0,0,0
2016,6,17,3,0,0,0,0
2016,6,17,3,30,0,0,0
2016,6,17,4,0,0,0,0
2016,6,17,4,30,4,190,8
2016,6,17,5,0,0,0,0
2016,6,17,5,30,0,0,0
2016,6,17,6,0,0,0,0
2016,6,17,6,30,0,0,0
2016,6,17,7,0,0,0,0
2016,6,17,7,30,0,0,0
2016,6,17,8,0,5,260,8
2016,6,17,8,30,0,0,0
2016,6,17,9,0,2,250,5
2016,6,17,9,30,0,0,0
2016,6,17,10,0,0,0,0
2016,6,17,10,30,0,0,0
2016,6,17,11,0,5,270,9
2016,6,17,11,30,4,360,8
2016,6,17,12,0,2,290,5
2016,6,17,12,30,9,20,11
2016,6,17,13,0,15,10,18
2016,6,17,13,30,17,30,21
2016,6,17,14,0,13,40,18
2016,6,17,14,30,13,60,18
2016,6,17,15,0,11,80,15
2016,6,17,15,30,15,40,18
2016,6,17,16,0,15,20,24
2016,6,17,16,30,17,20,21
2016,6,17,17,0,15,20,21
2016,6,17,17,30,18,30,21
2016,6,17,18,0,13,40,17
2016,6,17,18,30,11,30,13
2016,6,17,19,0,15,30,18
2016,6,17,19,30,15,30,18
2016,6,17,20,0,15,20,18
2016,6,17,20,30,17,10,21
2016,6,17,21,0,15,10,21
2016,6,17,21,30,11,20,13
2016,6,17,22,0,13,20,17
2016,6,17,22,30,15,30,18
2016,6,17,23,0,13,20,17
2016,6,17,23,30,15,30,17
2016,6,18,0,0,11,50,13
2016,6,18,0,30,13,60,15
2016,6,18,1,0,13,50,15
2016,6,18,1,30,4,30,8
2016,6,18,2,0,0,0,0
2016,6,18,2,30,8,230,9
2016,6,18,3,0,0,0,0
2016,6,18,3,30,5,260,9
2016,6,18,4,0,0,0,0
2016,6,18,4,30,0,0,0
2016,6,18,5,0,8,250,9
2016,6,18,5,30,0,0,0
2016,6,18,6,0,0,0,0
2016,6,18,6,30,8,270,9
2016,6,18,7,0,0,0,0
2016,6,18,7,30,0,0,0
2016,6,18,8,0,0,0,0
2016,6,18,8,30,0,0,0
2016,6,18,9,0,0,0,0
2016,6,18,9,30,0,0,0
2016,6,18,10,0,0,0,0
2016,6,18,10,30,8,20,11
2016,6,18,11,0,8,30,11
2016,6,18,11,30,8,360,13
2016,6,18,12,0,5,250,11
2016,6,18,12,30,8,40,13
2016,6,18,13,0,5,350,9
2016,6,18,13,30,2,40,13
2016,6,18,14,0,15,200,18
2016,6,18,14,30,15,210,17
2016,6,18,15,0,11,170,13
2016,6,18,15,30,11,190,17
2016,6,18,16,0,13,190,17
2016,6,18,16,30,9,200,13
2016,6,18,17,0,4,210,5
2016,6,18,17,30,5,240,8
2016,6,18,18,0,9,220,13
2016,6,18,18,30,8,220,9
2016,6,18,19,0,0,0,0
2016,6,18,19,30,0,0,0
2016,6,18,20,0,4,230,9
2016,6,18,20,30,9,230,11
2016,6,18,21,0,4,250,5
2016,6,18,21,30,5,330,5
2016,6,18,22,0,5,240,8
2016,6,18,22,30,5,210,8
2016,6,18,23,0,5,220,8
2016,6,18,23,30,8,330,9
2016,6,19,0,0,0,0,0
2016,6,19,0,30,5,240,8
2016,6,19,1,0,0,0,0
2016,6,19,1,30,9,220,11
2016,6,19,2,0,5,230,8
2016,6,19,2,30,0,0,8
2016,6,19,3,0,8,360,8
2016,6,19,3,30,0,0,0
2016,6,19,4,0,0,0,0
2016,6,19,4,30,0,0,0
2016,6,19,5,0,0,0,0
2016,6,19,5,30,0,0,0
2016,6,19,6,0,2,330,8
2016,6,19,6,30,0,0,0
2016,6,19,7,0,8,230,8
2016,6,19,7,30,5,210,8
2016,6,19,8,0,5,110,5
2016,6,19,8,30,0,0,0
2016,6,19,9,0,0,0,5
2016,6,19,9,30,9,180,13
2016,6,19,10,0,5,230,8
2016,6,19,10,30,5,210,8
2016,6,19,11,0,8,220,9
2016,6,19,11,30,8,210,11
2016,6,19,12,0,5,210,11
2016,6,19,12,30,4,120,8
2016,6,19,13,0,8,140,11
2016,6,19,13,30,8,170,17
2016,6,19,14,0,5,200,11
2016,6,19,14,30,8,310,11
2016,6,19,15,0,11,210,15
2016,6,19,15,30,13,280,17
2016,6,19,16,0,8,250,15
2016,6,19,16,30,11,230,15
2016,6,19,17,0,13,180,17
2016,6,19,17,30,11,210,17
2016,6,19,18,0,9,250,11
2016,6,19,18,30,11,210,13
2016,6,19,19,0,5,210,11
2016,6,19,19,30,5,250,8
2016,6,19,20,0,0,0,0
2016,6,19,20,30,5,310,8
2016,6,19,21,0,5,310,11
2016,6,19,21,30,5,330,8
2016,6,19,22,0,8,330,9
2016,6,19,22,30,9,10,9
2016,6,19,23,0,8,50,11
2016,6,19,23,30,0,0,0
2016,6,20,0,0,5,90,8
2016,6,20,0,30,9,10,13
2016,6,20,1,0,11,60,13
2016,6,20,1,30,11,30,15
2016,6,20,2,0,9,30,13
2016,6,20,2,30,9,50,11
2016,6,20,3,0,9,50,11
2016,6,20,3,30,11,60,15
2016,6,20,4,0,15,70,18
2016,6,20,4,30,15,60,18
2016,6,20,5,0,13,50,15
2016,6,20,5,30,11,40,13
2016,6,20,6,0,13,30,15
2016,6,20,6,30,9,340,13
2016,6,20,7,0,5,230,8
2016,6,20,7,30,5,270,8
2016,6,20,8,0,5,290,13
2016,6,20,8,30,4,310,11
2016,6,20,9,0,9,340,11
2016,6,20,9,30,11,10,15
2016,6,20,10,0,15,10,18
2016,6,20,10,30,17,360,22
2016,6,20,11,0,21,350,28
2016,6,20,11,30,18,310,26
2016,6,20,12,0,24,330,31
2016,6,20,12,30,21,290,30
2016,6,20,13,0,30,320,39
2016,6,20,13,30,31,310,42
2016,6,20,14,0,22,310,30
2016,6,20,14,30,21,300,28
2016,6,20,15,0,22,320,33
2016,6,20,15,30,18,350,24
2016,6,20,16,0,17,350,24
2016,6,20,16,30,13,350,18
2016,6,20,17,0,13,330,21
2016,6,20,17,30,15,300,24
2016,6,20,18,0,17,290,22
2016,6,20,18,30,21,290,28
2016,6,20,19,0,22,300,31
2016,6,20,19,30,18,310,35
2016,6,20,20,0,21,290,31
2016,6,20,20,30,18,300,26
2016,6,20,21,0,17,300,26
2016,6,20,21,30,28,290,48
2016,6,20,22,0,28,300,37
2016,6,20,22,30,26,300,35
2016,6,20,23,0,26,300,33
2016,6,20,23,30,28,310,33
2016,6,21,0,0,26,310,35
2016,6,21,0,30,26,320,35
2016,6,21,1,0,26,330,31
2016,6,21,1,30,21,330,31
2016,6,21,2,0,17,330,26
2016,6,21,2,30,15,300,21
2016,6,21,3,0,24,300,33
2016,6,21,3,30,33,290,57
2016,6,21,4,0,22,290,39
2016,6,21,4,30,21,300,30
2016,6,21,5,0,18,300,28
2016,6,21,5,30,15,300,22
2016,6,21,6,0,13,300,18
2016,6,21,6,30,21,290,26
2016,6,21,7,0,13,310,21
2016,6,21,7,30,11,330,17
2016,6,21,8,0,21,300,35
2016,6,21,8,30,24,290,35
2016,6,21,9,0,31,290,41
2016,6,21,9,30,33,290,42
2016,6,21,10,0,18,310,28
2016,6,21,10,30,17,310,26
2016,6,21,11,0,15,270,24
2016,6,21,11,30,33,270,42
2016,6,21,12,0,33,270,44
2016,6,21,12,30,31,280,44
2016,6,21,13,0,46,280,70
2016,6,21,13,30,41,280,57
2016,6,21,14,0,39,290,54
2016,6,21,14,30,35,290,52
2016,6,21,15,0,35,280,46
2016,6,21,15,30,31,270,41
2016,6,21,16,0,18,300,30
2016,6,21,16,30,15,300,22
2016,6,21,17,0,11,330,15
2016,6,21,17,30,18,330,24
2016,6,21,18,0,26,310,35
2016,6,21,18,30,17,310,24
2016,6,21,19,0,13,340,18
2016,6,21,19,30,11,10,18
2016,6,21,20,0,15,340,22
2016,6,21,20,30,17,340,26
2016,6,21,21,0,13,10,17
2016,6,21,21,30,11,30,13
2016,6,21,22,0,9,10,11
2016,6,21,22,30,9,20,13
2016,6,21,23,0,4,350,11
2016,6,21,23,30,24,330,31
2016,6,22,0,0,22,320,30
2016,6,22,0,30,24,330,33
2016,6,22,1,0,18,320,30
2016,6,22,1,30,21,330,28
2016,6,22,2,0,21,340,26
2016,6,22,2,30,18,360,26
2016,6,22,3,0,17,360,24
2016,6,22,3,30,15,360,21
2016,6,22,4,0,17,330,22
2016,6,22,4,30,18,330,33
2016,6,22,5,0,21,350,31
2016,6,22,5,30,17,350,24
2016,6,22,6,0,15,360,17
2016,6,22,6,30,13,10,18
2016,6,22,7,0,13,10,17
2016,6,22,7,30,13,20,17
2016,6,22,8,0,9,340,15
2016,6,22,8,30,17,300,26
2016,6,22,9,0,30,290,39
2016,6,22,9,30,28,280,37
2016,6,22,10,0,31,270,46
2016,6,22,10,30,17,230,24
2016,6,22,11,0,30,270,50
2016,6,22,11,30,28,270,37
2016,6,22,12,0,21,270,28
2016,6,22,12,30,28,270,39
2016,6,22,13,0,21,260,33
2016,6,22,13,30,26,260,39
2016,6,22,14,0,18,270,30
2016,6,22,14,30,28,270,39
2016,6,22,15,0,24,290,31
2016,6,22,15,30,24,290,33
2016,6,22,16,0,24,270,41
2016,6,22,16,30,24,270,39
2016,6,22,17,0,13,290,24
2016,6,22,17,30,15,30,21
2016,6,22,18,0,18,20,26
2016,6,22,18,30,22,310,30
2016,6,22,19,0,22,290,31
2016,6,22,19,30,9,350,13
2016,6,22,20,0,15,310,18
2016,6,22,20,30,18,260,24
2016,6,22,21,0,9,290,13
2016,6,22,21,30,11,270,24
2016,6,22,22,0,17,270,24
2016,6,22,22,30,11,260,22
2016,6,22,23,0,4,240,5
2016,6,22,23,30,15,240,24
2016,6,23,0,0,4,360,9
2016,6,23,0,30,8,260,11
2016,6,23,1,0,8,50,9
2016,6,23,1,30,0,0,0
2016,6,23,2,0,8,90,11
2016,6,23,2,30,13,30,17
2016,6,23,3,0,11,40,13
2016,6,23,3,30,9,40,11
2016,6,23,4,0,5,40,8
2016,6,23,4,30,8,40,9
2016,6,23,5,0,9,30,11
2016,6,23,5,30,4,50,8
2016,6,23,6,0,0,0,0
2016,6,23,6,30,0,0,0
2016,6,23,7,0,5,10,11
2016,6,23,7,30,2,40,5
2016,6,23,8,0,0,0,0
2016,6,23,8,30,0,0,0
2016,6,23,9,0,5,40,9
2016,6,23,9,30,8,30,9
2016,6,23,10,0,9,30,13
2016,6,23,10,30,15,360,21
2016,6,23,11,0,17,350,21
2016,6,23,11,30,15,350,18
2016,6,23,12,0,9,360,15
2016,6,23,12,30,15,340,24
2016,6,23,13,0,18,330,28
2016,6,23,13,30,26,320,37
2016,6,23,14,0,22,330,31
2016,6,23,14,30,13,340,21
2016,6,23,15,0,13,360,17
2016,6,23,15,30,15,30,18
2016,6,23,16,0,15,20,21
2016,6,23,16,30,15,10,18
2016,6,23,17,0,17,360,22
2016,6,23,17,30,13,10,17
2016,6,23,18,0,11,10,15
2016,6,23,18,30,13,360,17
2016,6,23,19,0,13,10,17
2016,6,23,19,30,15,10,18
2016,6,23,20,0,15,30,17
2016,6,23,20,30,11,40,15
2016,6,23,21,0,13,20,17
2016,6,23,21,30,22,30,28
2016,6,23,22,0,15,10,18
2016,6,23,22,30,13,10,18
2016,6,23,23,0,17,20,24
2016,6,23,23,30,21,10,28
2016,6,24,0,0,11,50,17
2016,6,24,0,30,21,10,28
2016,6,24,1,0,17,360,24
2016,6,24,1,30,18,10,24
2016,6,24,2,0,13,10,18
2016,6,24,2,30,18,10,24
2016,6,24,3,0,17,10,22
2016,6,24,3,30,11,350,22
2016,6,24,4,0,15,350,24
2016,6,24,4,30,9,330,17
2016,6,24,5,0,13,350,21
2016,6,24,5,30,18,320,28
2016,6,24,6,0,13,350,18
2016,6,24,6,30,11,350,18
2016,6,24,7,0,11,10,15
2016,6,24,7,30,9,350,17
2016,6,24,8,0,5,310,18
2016,6,24,8,30,9,350,17
2016,6,24,9,0,11,280,21
2016,6,24,9,30,31,280,41
2016,6,24,10,0,21,240,30
2016,6,24,10,30,13,290,18
2016,6,24,11,0,21,270,28
2016,6,24,11,30,28,260,35
2016,6,24,12,0,31,280,46
2016,6,24,12,30,41,290,57
2016,6,24,13,0,46,270,67
2016,6,24,13,30,35,270,54
2016,6,24,14,0,42,280,61
2016,6,24,14,30,46,270,65
2016,6,24,15,0,41,270,57
2016,6,24,15,30,37,270,65
2016,6,24,16,0,26,290,42
2016,6,24,16,30,37,260,55
2016,6,24,17,0,15,340,24
2016,6,24,17,30,13,350,21
2016,6,24,18,0,5,300,9
2016,6,24,18,30,11,200,18
2016,6,24,19,0,21,270,31
2016,6,24,19,30,21,270,41
2016,6,24,20,0,9,290,13
2016,6,24,20,30,15,300,18
2016,6,24,21,0,28,270,37
2016,6,24,21,30,21,250,28
2016,6,24,22,0,18,250,28
2016,6,24,22,30,18,260,22
2016,6,24,23,0,17,260,28
2016,6,24,23,30,18,260,30
2016,6,25,0,0,17,230,37
2016,6,25,0,30,21,250,31
2016,6,25,1,0,15,260,21
2016,6,25,1,30,9,250,18
2016,6,25,2,0,18,250,26
2016,6,25,2,30,11,250,21
2016,6,25,3,0,5,300,9
2016,6,25,3,30,9,270,13
2016,6,25,4,0,8,280,9
2016,6,25,4,30,11,270,13
2016,6,25,5,0,9,250,11
2016,6,25,5,30,17,250,18
2016,6,25,6,0,13,250,21
2016,6,25,6,30,9,250,11
2016,6,25,7,0,2,30,9
2016,6,25,7,30,0,0,2
2016,6,25,8,0,0,0,5
2016,6,25,8,30,9,30,11
2016,6,25,9,0,2,310,5
2016,6,25,9,30,8,250,11
2016,6,25,10,0,18,220,28
2016,6,25,10,30,22,210,30
2016,6,25,11,0,22,220,33
2016,6,25,11,30,24,220,35
2016,6,25,12,0,24,210,39
2016,6,25,12,30,21,200,35
2016,6,25,13,0,22,190,33
2016,6,25,13,30,18,190,26
2016,6,25,14,0,17,190,22
2016,6,25,14,30,21,200,28
2016,6,25,15,0,18,180,28
2016,6,25,15,30,18,190,28
2016,6,25,16,0,17,190,24
2016,6,25,16,30,15,180,21
2016,6,25,17,0,13,190,18
2016,6,25,17,30,13,270,15
2016,6,25,18,0,11,250,13
2016,6,25,18,30,13,260,13
2016,6,25,19,0,11,250,13
2016,6,25,19,30,13,250,17
2016,6,25,20,0,9,240,11
2016,6,25,20,30,5,150,8
2016,6,25,21,0,5,150,8
2016,6,25,21,30,0,0,0
2016,6,25,22,0,0,0,0
2016,6,25,22,30,5,350,9
2016,6,25,23,0,5,110,9
2016,6,25,23,30,2,150,8
2016,6,26,0,0,0,0,0
2016,6,26,0,30,0,0,0
2016,6,26,1,0,4,40,5
2016,6,26,1,30,0,0,0
2016,6,26,2,0,0,0,0
2016,6,26,2,30,0,0,0
2016,6,26,3,0,0,0,0
2016,6,26,3,30,2,280,9
2016,6,26,4,0,0,0,0
2016,6,26,4,30,4,340,8
2016,6,26,5,0,5,80,8
2016,6,26,5,30,0,0,0
2016,6,26,6,0,2,60,5
2016,6,26,6,30,0,0,0
2016,6,26,7,0,0,0,0
2016,6,26,7,30,0,0,0
2016,6,26,8,0,0,0,5
2016,6,26,8,30,0,0,0
2016,6,26,9,0,0,0,0
2016,6,26,9,30,2,330,8
2016,6,26,10,0,2,350,5
2016,6,26,10,30,0,0,0
2016,6,26,11,0,5,10,8
2016,6,26,11,30,4,80,9
2016,6,26,12,0,5,60,9
2016,6,26,12,30,5,20,9
2016,6,26,13,0,5,50,8
2016,6,26,13,30,4,340,9
2016,6,26,14,0,4,50,8
2016,6,26,14,30,8,50,11
2016,6,26,15,0,8,30,9
2016,6,26,15,30,5,80,8
2016,6,26,16,0,4,90,8
2016,6,26,16,30,4,60,5
2016,6,26,17,0,0,0,0
2016,6,26,17,30,0,0,0
2016,6,26,18,0,5,330,8
2016,6,26,18,30,0,0,0
2016,6,26,19,0,0,0,0
2016,6,26,19,30,5,10,9
2016,6,26,20,0,8,340,8
2016,6,26,20,30,8,100,11
2016,6,26,21,0,5,140,8
2016,6,26,21,30,5,170,8
2016,6,26,22,0,5,240,8
2016,6,26,22,30,2,240,5
2016,6,26,23,0,9,270,11
2016,6,26,23,30,0,0,0
2016,6,27,0,0,8,360,9
2016,6,27,0,30,4,10,8
2016,6,27,1,0,2,330,9
2016,6,27,1,30,0,0,0
2016,6,27,2,0,2,200,8
2016,6,27,2,30,0,0,0
2016,6,27,3,0,11,350,13
2016,6,27,3,30,4,300,5
2016,6,27,4,0,9,320,9
2016,6,27,4,30,5,50,9
2016,6,27,5,0,2,290,9
2016,6,27,5,30,13,220,15
2016,6,27,6,0,5,280,11
2016,6,27,6,30,15,360,21
2016,6,27,7,0,5,320,8
2016,6,27,7,30,8,250,11
2016,6,27,8,0,9,250,11
2016,6,27,8,30,5,230,8
2016,6,27,9,0,2,250,8
2016,6,27,9,30,5,240,8
2016,6,27,10,0,8,190,9
2016,6,27,10,30,8,230,11
2016,6,27,11,0,5,250,9
2016,6,27,11,30,9,310,13
2016,6,27,12,0,8,200,13
2016,6,27,12,30,5,250,11
2016,6,27,13,0,9,220,15
2016,6,27,13,30,18,230,24
2016,6,27,14,0,15,230,22
2016,6,27,14,30,15,230,21
2016,6,27,15,0,17,220,33
2016,6,27,15,30,13,200,17
2016,6,27,16,0,22,220,31
2016,6,27,16,30,13,230,18
2016,6,27,17,0,18,250,26
2016,6,27,17,30,11,240,17
2016,6,27,18,0,11,250,17
2016,6,27,18,30,9,270,13
2016,6,27,19,0,11,260,17
2016,6,27,19,30,9,240,17
2016,6,27,20,0,5,150,8
2016,6,27,20,30,0,0,0
2016,6,27,21,0,0,0,0
2016,6,27,21,30,2,110,5
2016,6,27,22,0,4,90,5
2016,6,27,22,30,2,40,8
2016,6,27,23,0,8,280,9
2016,6,27,23,30,13,250,17
2016,6,28,0,0,13,260,17
2016,6,28,0,30,9,250,13
2016,6,28,1,0,9,260,13
2016,6,28,1,30,9,220,13
2016,6,28,2,0,8,260,11
2016,6,28,2,30,11,250,17
2016,6,28,3,0,15,240,21
2016,6,28,3,30,15,260,17
2016,6,28,4,0,15,250,21
2016,6,28,4,30,15,250,18
2016,6,28,5,0,11,220,17
2016,6,28,5,30,9,230,11
2016,6,28,6,0,5,220,11
2016,6,28,6,30,9,230,13
2016,6,28,7,0,9,240,11
2016,6,28,7,30,11,240,18
2016,6,28,8,0,8,100,11
2016,6,28,8,30,11,80,15
2016,6,28,9,0,5,50,9
2016,6,28,9,30,8,50,11
2016,6,28,10,0,4,80,9
2016,6,28,10,30,21,190,28
2016,6,28,11,0,22,190,30
2016,6,28,11,30,24,190,31
2016,6,28,12,0,21,210,28
2016,6,28,12,30,21,220,28
2016,6,28,13,0,18,220,26
2016,6,28,13,30,18,210,24
2016,6,28,14,0,15,180,24
2016,6,28,14,30,18,170,24
2016,6,28,15,0,21,200,28
2016,6,28,15,30,17,210,24
2016,6,28,16,0,17,200,24
2016,6,28,16,30,13,200,17
2016,6,28,17,0,9,210,11
2016,6,28,17,30,8,220,11
2016,6,28,18,0,13,240,15
2016,6,28,18,30,9,250,11
2016,6,28,19,0,9,250,13
2016,6,28,19,30,13,250,17
2016,6,28,20,0,13,240,17
2016,6,28,20,30,13,250,17
2016,6,28,21,0,11,230,13
2016,6,28,21,30,2,240,5
2016,6,28,22,0,0,0,0
2016,6,28,22,30,2,40,8
2016,6,28,23,0,5,30,9
2016,6,28,23,30,0,0,0
2016,6,29,0,0,0,0,0
2016,6,29,0,30,0,0,0
2016,6,29,1,0,0,0,0
2016,6,29,1,30,0,0,0
2016,6,29,2,0,2,360,5
2016,6,29,2,30,0,0,0
2016,6,29,3,0,2,110,5
2016,6,29,3,30,0,0,0
2016,6,29,4,0,0,0,0
2016,6,29,4,30,0,0,0
2016,6,29,5,0,0,0,0
2016,6,29,5,30,4,20,5
2016,6,29,6,0,2,10,5
2016,6,29,6,30,0,0,0
2016,6,29,7,0,0,0,0
2016,6,29,7,30,2,310,5
2016,6,29,8,0,0,0,0
2016,6,29,8,30,0,0,0
2016,6,29,9,0,5,10,8
2016,6,29,9,30,5,40,8
2016,6,29,10,0,4,90,8
2016,6,29,10,30,5,110,8
2016,6,29,11,0,5,40,8
2016,6,29,11,30,4,350,9
2016,6,29,12,0,5,50,9
2016,6,29,12,30,5,100,9
2016,6,29,13,0,5,80,9
2016,6,29,13,30,8,90,9
2016,6,29,14,0,2,120,5
2016,6,29,14,30,5,60,11
2016,6,29,15,0,9,60,13
2016,6,29,15,30,9,50,13
2016,6,29,16,0,9,40,11
2016,6,29,16,30,8,40,9
2016,6,29,17,0,8,50,8
2016,6,29,17,30,4,30,8
2016,6,29,18,0,0,0,0
2016,6,29,18,30,0,0,0
2016,6,29,19,0,0,0,0
2016,6,29,19,30,0,0,0
2016,6,29,20,0,0,0,0
2016,6,29,20,30,0,0,0
2016,6,29,21,0,0,0,0
2016,6,29,21,30,0,0,0
2016,6,29,22,0,0,0,0
2016,6,29,22,30,0,0,0
2016,6,29,23,0,0,0,0
2016,6,29,23,30,0,0,0
2016,6,30,0,0,0,0,0
2016,6,30,0,30,0,0,0
2016,6,30,1,0,0,0,0
2016,6,30,1,30,0,0,0
2016,6,30,2,0,0,0,0
2016,6,30,2,30,0,0,0
2016,6,30,3,0,0,0,0
2016,6,30,3,30,5,250,8
2016,6,30,4,0,0,0,0
2016,6,30,4,30,0,0,0
2016,6,30,5,0,0,0,0
2016,6,30,5,30,0,0,0
2016,6,30,6,0,0,0,0
2016,6,30,6,30,0,0,0
2016,6,30,7,0,0,0,0
2016,6,30,7,30,0,0,0
2016,6,30,8,0,0,0,0
2016,6,30,8,30,0,0,0
2016,6,30,9,0,0,0,0
2016,6,30,9,30,0,0,4
2016,6,30,10,0,4,340,5
2016,6,30,10,30,2,360,5
2016,6,30,11,0,2,320,5
2016,6,30,11,30,2,210,8
2016,6,30,12,0,2,340,8
2016,6,30,12,30,18,10,28
2016,6,30,13,0,24,10,31
2016,6,30,13,30,22,10,30
2016,6,30,14,0,17,10,24
2016,6,30,14,30,17,10,24
2016,6,30,15,0,18,10,28
2016,6,30,15,30,15,10,21
2016,6,30,16,0,9,340,13
2016,6,30,16,30,8,270,9
2016,6,30,17,0,11,360,17
2016,6,30,17,30,17,350,24
2016,6,30,18,0,17,360,24
2016,6,30,18,30,13,360,21
2016,6,30,19,0,11,360,15
2016,6,30,19,30,13,360,17
2016,6,30,20,0,15,340,18
2016,6,30,20,30,8,190,9
2016,6,30,21,0,5,30,8
2016,6,30,21,30,0,0,0
2016,6,30,22,0,5,310,9
2016,6,30,22,30,8,60,11
2016,6,30,23,0,21,330,28
2016,6,30,23,30,21,350,28
2016,7,1,0,0,18,360,24
2016,7,1,0,30,17,30,22
2016,7,1,1,0,17,10,24
2016,7,1,1,30,18,10,24
2016,7,1,2,0,15,10,21
2016,7,1,2,30,15,10,21
2016,7,1,3,0,11,340,13
2016,7,1,3,30,15,280,21
2016,7,1,4,0,13,180,17
2016,7,1,4,30,11,250,18
2016,7,1,5,0,15,330,22
2016,7,1,5,30,11,330,15
2016,7,1,6,0,18,310,31
2016,7,1,6,30,8,290,11
2016,7,1,7,0,8,340,11
2016,7,1,7,30,8,50,9
2016,7,1,8,0,8,290,13
2016,7,1,8,30,9,310,17
2016,7,1,9,0,9,340,13
2016,7,1,9,30,17,280,24
2016,7,1,10,0,17,280,24
2016,7,1,10,30,21,300,31
2016,7,1,11,0,22,280,31
2016,7,1,11,30,22,260,33
2016,7,1,12,0,26,250,37
2016,7,1,12,30,24,240,37
2016,7,1,13,0,24,240,37
2016,7,1,13,30,24,230,37
2016,7,1,14,0,18,230,28
2016,7,1,14,30,18,250,26
2016,7,1,15,0,18,250,26
2016,7,1,15,30,18,200,26
2016,7,1,16,0,15,230,21
2016,7,1,16,30,11,230,15
2016,7,1,17,0,11,280,17
2016,7,1,17,30,17,280,21
2016,7,1,18,0,15,260,21
2016,7,1,18,30,15,260,18
2016,7,1,19,0,13,260,17
2016,7,1,19,30,8,220,13
2016,7,1,20,0,5,220,11
2016,7,1,20,30,2,360,5
2016,7,1,21,0,2,30,8
2016,7,1,21,30,2,200,9
2016,7,1,22,0,8,20,8
2016,7,1,22,30,0,0,0
2016,7,1,23,0,0,0,0
2016,7,1,23,30,5,70,9
2016,7,2,0,0,2,100,11
2016,7,2,0,30,0,0,0
2016,7,2,1,0,2,80,9
2016,7,2,1,30,0,0,0
2016,7,2,2,0,0,0,0
2016,7,2,2,30,0,0,0
2016,7,2,3,0,0,0,0
2016,7,2,3,30,0,0,0
2016,7,2,4,0,0,0,0
2016,7,2,4,30,0,0,0
2016,7,2,5,0,0,0,0
2016,7,2,5,30,0,0,0
2016,7,2,6,0,0,0,0
2016,7,2,6,30,0,0,0
2016,7,2,7,0,0,0,0
2016,7,2,7,30,0,0,0
2016,7,2,8,0,4,320,5
2016,7,2,8,30,0,0,0
2016,7,2,9,0,4,40,5
2016,7,2,9,30,4,70,8
2016,7,2,10,0,5,30,8
2016,7,2,10,30,5,90,9
2016,7,2,11,0,5,80,8
2016,7,2,11,30,4,80,8
2016,7,2,12,0,5,70,9
2016,7,2,12,30,8,320,9
2016,7,2,13,0,11,210,21
2016,7,2,13,30,13,180,17
2016,7,2,14,0,13,220,24
2016,7,2,14,30,11,200,15
2016,7,2,15,0,13,160,17
2016,7,2,15,30,11,140,13
2016,7,2,16,0,8,130,11
2016,7,2,16,30,5,170,8
2016,7,2,17,0,0,0,2
2016,7,2,17,30,5,310,9
2016,7,2,18,0,8,210,11
2016,7,2,18,30,8,240,11
2016,7,2,19,0,11,230,15
2016,7,2,19,30,8,250,9
2016,7,2,20,0,5,160,8
2016,7,2,20,30,0,0,0
2016,7,2,21,0,4,360,8
2016,7,2,21,30,5,20,5
2016,7,2,22,0,0,0,0
2016,7,2,22,30,0,0,0
2016,7,2,23,0,0,0,0
2016,7,2,23,30,0,0,0
2016,7,3,0,0,0,0,0
2016,7,3,0,30,0,0,0
2016,7,3,1,0,0,0,0
2016,7,3,1,30,0,0,0
2016,7,3,2,0,0,0,0
2016,7,3,2,30,0,0,0
2016,7,3,3,0,0,0,0
2016,7,3,3,30,0,0,0
2016,7,3,4,0,0,0,0
2016,7,3,4,30,0,0,0
2016,7,3,5,0,0,0,0
2016,7,3,5,30,0,0,0
2016,7,3,6,0,0,0,0
2016,7,3,6,30,0,0,0
2016,7,3,7,0,0,0,0
2016,7,3,7,30,2,70,8
2016,7,3,8,0,0,0,0
2016,7,3,8,30,0,0,0
2016,7,3,9,0,2,10,5
2016,7,3,9,30,0,0,0
2016,7,3,10,0,2,100,5
2016,7,3,10,30,4,110,8
2016,7,3,11,0,4,70,8
2016,7,3,11,30,5,200,9
2016,7,3,12,0,5,10,11
2016,7,3,12,30,9,90,15
2016,7,3,13,0,5,90,11
2016,7,3,13,30,9,40,13
2016,7,3,14,0,4,20,13
2016,7,3,14,30,8,80,13
2016,7,3,15,0,8,100,13
2016,7,3,15,30,9,80,13
2016,7,3,16,0,5,70,8
2016,7,3,16,30,9,110,11
2016,7,3,17,0,5,100,8
2016,7,3,17,30,0,0,2
2016,7,3,18,0,0,0,0
2016,7,3,18,30,0,0,0
2016,7,3,19,0,0,0,0
2016,7,3,19,30,0,0,0
2016,7,3,20,0,0,0,0
2016,7,3,20,30,0,0,0
2016,7,3,21,0,0,0,0
2016,7,3,21,30,0,0,2
2016,7,3,22,0,0,0,2
2016,7,3,22,30,0,0,0
2016,7,3,23,0,4,320,8
2016,7,3,23,30,0,0,5
2016,7,4,0,0,0,0,0
2016,7,4,0,30,0,0,0
2016,7,4,1,0,0,0,0
2016,7,4,1,30,0,0,0
2016,7,4,2,0,0,0,0
2016,7,4,2,30,0,0,0
2016,7,4,3,0,0,0,0
2016,7,4,3,30,0,0,0
2016,7,4,4,0,0,0,0
2016,7,4,4,30,0,0,0
2016,7,4,5,0,5,360,8
2016,7,4,5,30,0,0,0
2016,7,4,6,0,0,0,0
2016,7,4,6,30,0,0,0
2016,7,4,7,0,0,0,0
2016,7,4,7,30,2,270,5
2016,7,4,8,0,0,0,0
2016,7,4,8,30,0,0,0
2016,7,4,9,0,5,110,8
2016,7,4,9,30,5,30,8
2016,7,4,10,0,0,0,0
2016,7,4,10,30,2,290,8
2016,7,4,11,0,5,190,9
2016,7,4,11,30,5,160,9
2016,7,4,12,0,5,130,9
2016,7,4,12,30,5,90,8
2016,7,4,13,0,2,10,5
2016,7,4,13,30,5,150,9
2016,7,4,14,0,5,80,9
2016,7,4,14,30,0,0,8
2016,7,4,15,0,0,0,0
2016,7,4,15,30,0,0,0
2016,7,4,16,0,4,320,8
2016,7,4,16,30,9,220,9
2016,7,4,17,0,9,230,13
2016,7,4,17,30,8,260,8
2016,7,4,18,0,5,240,8
2016,7,4,18,30,0,0,0
2016,7,4,19,0,0,0,0
2016,7,4,19,30,5,350,8
2016,7,4,20,0,0,0,0
2016,7,4,20,30,0,0,0
2016,7,4,21,0,0,0,0
2016,7,4,21,30,0,0,0
2016,7,4,22,0,5,220,8
2016,7,4,22,30,0,0,0
2016,7,4,23,0,0,0,0
2016,7,4,23,30,2,10,5
2016,7,5,0,0,0,0,2
2016,7,5,0,30,0,0,0
2016,7,5,1,0,0,0,0
2016,7,5,1,30,0,0,0
2016,7,5,2,0,0,0,0
2016,7,5,2,30,11,350,13
2016,7,5,3,0,8,190,9
2016,7,5,3,30,8,50,11
2016,7,5,4,0,0,0,0
2016,7,5,4,30,9,250,11
2016,7,5,5,0,9,210,11
2016,7,5,5,30,8,210,11
2016,7,5,6,0,2,150,8
2016,7,5,6,30,4,350,8
2016,7,5,7,0,0,0,0
2016,7,5,7,30,9,10,11
2016,7,5,8,0,8,330,9
2016,7,5,8,30,0,0,5
2016,7,5,9,0,9,30,11
2016,7,5,9,30,8,20,9
2016,7,5,10,0,2,110,8
2016,7,5,10,30,0,0,8
2016,7,5,11,0,9,30,13
2016,7,5,11,30,5,360,9
2016,7,5,12,0,8,340,9
2016,7,5,12,30,5,80,13
2016,7,5,13,0,9,90,11
2016,7,5,13,30,13,50,17
2016,7,5,14,0,11,320,17
2016,7,5,14,30,9,320,17
2016,7,5,15,0,24,340,31
2016,7,5,15,30,18,320,31
2016,7,5,16,0,18,320,31
2016,7,5,16,30,15,330,22
2016,7,5,17,0,17,300,28
2016,7,5,17,30,17,300,28
2016,7,5,18,0,13,320,22
2016,7,5,18,30,15,300,21
2016,7,5,19,0,17,280,26
2016,7,5,19,30,17,310,24
2016,7,5,20,0,15,300,21
2016,7,5,20,30,9,320,11
2016,7,5,21,0,9,10,15
2016,7,5,21,30,11,360,15
2016,7,5,22,0,13,360,17
2016,7,5,22,30,13,360,17
2016,7,5,23,0,9,360,13
2016,7,5,23,30,13,10,17
2016,7,6,0,0,11,360,15
2016,7,6,0,30,9,350,13
2016,7,6,1,0,9,320,11
2016,7,6,1,30,13,330,17
2016,7,6,2,0,13,350,18
2016,7,6,2,30,13,350,18
2016,7,6,3,0,17,340,24
2016,7,6,3,30,9,360,17
2016,7,6,4,0,15,10,21
2016,7,6,4,30,11,360,17
2016,7,6,5,0,15,320,18
2016,7,6,5,30,21,330,26
2016,7,6,6,0,21,330,26
2016,7,6,6,30,15,340,21
2016,7,6,7,0,13,330,18
2016,7,6,7,30,17,320,28
2016,7,6,8,0,13,330,17
2016,7,6,8,30,15,290,22
2016,7,6,9,0,11,300,18
2016,7,6,9,30,21,300,30
2016,7,6,10,0,30,280,50
2016,7,6,10,30,22,280,31
2016,7,6,11,0,33,270,46
2016,7,6,11,30,30,280,39
2016,7,6,12,0,26,270,35
2016,7,6,12,30,28,260,41
2016,7,6,13,0,24,290,33
2016,7,6,13,30,24,270,31
2016,7,6,14,0,28,260,41
2016,7,6,14,30,22,270,41
2016,7,6,15,0,22,280,30
2016,7,6,15,30,21,270,28
2016,7,6,16,0,13,270,24
2016,7,6,16,30,22,270,31
2016,7,6,17,0,18,250,28
2016,7,6,17,30,13,250,21
2016,7,6,18,0,8,290,11
2016,7,6,18,30,9,310,13
2016,7,6,19,0,8,260,9
2016,7,6,19,30,5,160,9
2016,7,6,20,0,5,200,8
2016,7,6,20,30,15,230,24
2016,7,6,21,0,24,240,37
2016,7,6,21,30,30,220,44
2016,7,6,22,0,21,230,33
2016,7,6,22,30,22,230,35
2016,7,6,23,0,22,230,31
2016,7,6,23,30,18,230,24
2016,7,7,0,0,22,220,35
2016,7,7,0,30,22,210,37
2016,7,7,1,0,24,210,31
2016,7,7,1,30,26,210,39
2016,7,7,2,0,26,220,41
2016,7,7,2,30,21,210,31
2016,7,7,3,0,26,210,39
2016,7,7,3,30,28,210,44
2016,7,7,4,0,22,220,35
2016,7,7,4,30,18,220,28
2016,7,7,5,0,17,220,33
2016,7,7,5,30,17,210,28
2016,7,7,6,0,21,220,28
2016,7,7,6,30,21,210,28
2016,7,7,7,0,21,210,31
2016,7,7,7,30,26,210,33
2016,7,7,8,0,21,220,31
2016,7,7,8,30,18,210,28
2016,7,7,9,0,17,210,28
2016,7,7,9,30,22,200,31
2016,7,7,10,0,21,210,28
2016,7,7,10,30,24,200,39
2016,7,7,11,0,24,190,35
2016,7,7,11,30,21,190,28
2016,7,7,12,0,21,180,33
2016,7,7,12,30,24,210,35
2016,7,7,13,0,17,200,30
2016,7,7,13,30,24,230,33
2016,7,7,14,0,21,200,31
2016,7,7,14,30,18,210,31
2016,7,7,15,0,21,180,30
2016,7,7,15,30,17,190,24
